# The approved published names: one conda package per row, and nothing is
# published that is not listed. Columns, tab-separated:
#   name    the package name: the library's import name, `komira_` + lowercase
#   label   the library's Buck target
#   reason  why it is on the list (a row's removal is also a reviewed change)
# A package's direct dependencies must be listed too, or its build is refused.
# Adding a row is the approval to claim that name in a public registry, where
# a name and version are permanent: review it as such. The sha256 of the sorted
# names is in every package's manifest (approved_names_sha256).
# Checked by //packaging/conda:names_lint and by komira_pack on every build.
komira_encoding	//src/komira_encoding:komira_encoding	canary: no dependencies, no native code, tests welded
