# package	owner branch: the branch whose commits may rewrite that package's importers (the tool edits only files under src/<package>/ of packages owned by the branch it runs on)
komira_authz_api	origin/lib/komira_authz_api
deploy_model_rpc	origin/lib/komira_deploy_compose
komira_broker_proto	origin/lib/engine_rpc
komira_supervisor_proto	origin/lib/engine_rpc
full_manifest_rpc	origin/lib/komira_deploy_compose
kci_bundle	origin/lib/kci_bundle
kci_bundle_proto	origin/lib/komira_rpc_bundle
kci_deploy	origin/lib/komira_deploy
kci_deploy_compose	origin/lib/komira_deploy_compose
kci_deploy_model_proto	origin/lib/deploy_model_rpc
kci_edge	origin/lib/komira_edge
kci_environment_proto	origin/lib/environment_rpc
kci_manifest_proto	origin/lib/full_manifest_rpc
kci_provider_proto	origin/lib/provider_rpc
kci_reconciler	origin/lib/komira_iac
kci_revision	origin/lib/komira_ci_revision
kci_secret_writer	origin/lib/komira_secret_writer
komira_async	origin/lib/komira_async
komira_avro	origin/lib/komira_avro
komira_aws_core	origin/main
komira_broker	origin/lib/komira_broker
komira_broker_coordinator	origin/lib/komira_broker_coordinator
komira_compiler	origin/lib/komira_compiler
komira_connect	origin/lib/komira_connect
komira_crypto	origin/lib/komira_crypto-encoding
komira_csv	origin/lib/komira_csv
komira_db	origin/lib/komira_db
komira_deploy_bundle	origin/lib/komira_factory_build
komira_eval	origin/lib/komira_eval
komira_factory_build	origin/lib/komira_factory_build
komira_grpc	origin/lib/komira_grpc
komira_http_client	origin/lib/komira_http
komira_http_core	origin/lib/komira_http
komira_http_server	origin/lib/komira_http
komira_http_status_hook	origin/lib/komira_http
komira_jsonl	origin/lib/komira_jsonl
komira_jwks	origin/lib/komira_jwks
komira_k8s	origin/lib/komira_k8s
komira_log	origin/lib/komira_log
komira_log_query	origin/lib/komira_log_query
komira_objectstore	origin/lib/komira_objectstore
komira_obs	origin/lib/komira_obs
komira_oci	origin/lib/komira_oci
komira_orc	origin/lib/komira_orc
komira_pg	origin/lib/komira_pg
komira_placement	origin/lib/komira_placement
komira_plan_proto	origin/lib/komira_rpc_plan
komira_plan_wire	origin/lib/komira_plan_wire
komira_pod_boot	origin/lib/komira_pod_boot
komira_rpc_bundle	origin/lib/komira_deploy_compose
komira_search	origin/lib/komira_search
komira_secret_registry	origin/lib/komira_secret_registry
komira_secret_store	origin/lib/komira_secret_store
komira_serde	origin/lib/komira_serde
komira_service_registry	origin/lib/komira_service_registry
komira_supervisor	origin/lib/komira_supervisor
komira_svcref	origin/lib/komira_svcref
komira_wkt	origin/lib/komira_wkt
