# komira_core -> new package, every one of the 483 tracked files. disposition: copy | facade | dropped | moves-with-consumer | split by symbol | regenerated | rewritten. The komira_core_ffi -> komira_libc rename is a second map, libc_rename_map.tsv.
file	kind	lines	disposition	dest	new_path	note
__init__.mojo	src	22	facade	-	-	re-export file; every import of it is rewritten to the defining module by symbol; the destination package gets a docstring-only __init__
accumulator_trait.mojo	src	97	copy	komira_agg_contract	src/komira_agg_contract/accumulator_trait.mojo	
agg_column_ptrs.mojo	src	589	copy	komira_agg_contract	src/komira_agg_contract/agg_column_ptrs.mojo	
agg_layout.mojo	src	311	copy	komira_agg_contract	src/komira_agg_contract/agg_layout.mojo	
agg_strategy.mojo	src	499	copy	komira_agg_contract	src/komira_agg_contract/agg_strategy.mojo	
arrow/__init__.mojo	src	63	facade	-	-	re-export file; every import of it is rewritten to the defining module by symbol; the destination package gets a docstring-only __init__
arrow/aligned_buffer_trait.mojo	src	415	copy	komira_buffer	src/komira_buffer/aligned_buffer_trait.mojo	
arrow/arrow_types.mojo	src	1344	copy	komira_arrow	src/komira_arrow/arrow_types.mojo	
arrow/binary_array.mojo	src	345	copy	komira_arrow	src/komira_arrow/binary_array.mojo	
arrow/bitmap.mojo	src	917	copy	komira_arrow	src/komira_arrow/bitmap.mojo	
arrow/bitmap_ops.mojo	src	308	copy	komira_arrow	src/komira_arrow/bitmap_ops.mojo	
arrow/boolean_array.mojo	src	221	copy	komira_arrow	src/komira_arrow/boolean_array.mojo	
arrow/c_data_interface.mojo	src	913	copy	komira_arrow_ipc	src/komira_arrow_ipc/c_data_interface.mojo	
arrow/c_data_stream.mojo	src	3361	copy	komira_arrow_ipc	src/komira_arrow_ipc/c_data_stream.mojo	
arrow/column.mojo	src	4266	copy	komira_arrow	src/komira_arrow/column.mojo	
arrow/column_native.mojo	src	759	copy	komira_arrow	src/komira_arrow/column_native.mojo	
arrow/column_native_nested.mojo	src	63	copy	komira_arrow	src/komira_arrow/column_native_nested.mojo	
arrow/compression.mojo	src	417	copy	komira_compression	src/komira_compression/compression.mojo	
arrow/compression_codecs.mojo	src	1736	copy	komira_compression	src/komira_compression/compression_codecs.mojo	
arrow/concat.mojo	src	1525	copy	komira_arrow	src/komira_arrow/concat.mojo	
arrow/constants.mojo	src	38	copy	komira_buffer	src/komira_buffer/constants.mojo	
arrow/copy_column_ref.mojo	src	333	copy	komira_arrow	src/komira_arrow/copy_column_ref.mojo	
arrow/copyable_shared_aligned_buffer.mojo	src	293	copy	komira_buffer	src/komira_buffer/copyable_shared_aligned_buffer.mojo	
arrow/csv_emit.mojo	src	301	copy	komira_arrow	src/komira_arrow/csv_emit.mojo	
arrow/decimal256_array.mojo	src	227	copy	komira_arrow	src/komira_arrow/decimal256_array.mojo	
arrow/decimal_array.mojo	src	468	copy	komira_arrow	src/komira_arrow/decimal_array.mojo	
arrow/dict_code_bounds.mojo	src	148	copy	komira_arrow	src/komira_arrow/dict_code_bounds.mojo	
arrow/dict_interner.mojo	src	353	copy	komira_arrow	src/komira_arrow/dict_interner.mojo	
arrow/dictionary_array.mojo	src	142	copy	komira_arrow	src/komira_arrow/dictionary_array.mojo	
arrow/dictionary_merge.mojo	src	394	copy	komira_arrow	src/komira_arrow/dictionary_merge.mojo	
arrow/formats.mojo	src	462	copy	komira_arrow	src/komira_arrow/formats.mojo	
arrow/gather_recordbatch.mojo	src	166	copy	komira_column_kernels	src/komira_column_kernels/gather_recordbatch.mojo	
arrow/hugepage_span.mojo	src	244	copy	komira_buffer	src/komira_buffer/hugepage_span.mojo	
arrow/interval_mdn_array.mojo	src	280	copy	komira_arrow	src/komira_arrow/interval_mdn_array.mojo	
arrow/ipc.mojo	src	318	copy	komira_arrow_ipc	src/komira_arrow_ipc/ipc.mojo	
arrow/ipc_body_compression.mojo	src	2874	copy	komira_arrow_ipc	src/komira_arrow_ipc/ipc_body_compression.mojo	
arrow/ipc_body_sink.mojo	src	328	copy	komira_arrow_ipc	src/komira_arrow_ipc/ipc_body_sink.mojo	
arrow/ipc_decoder_dispatch.mojo	src	4065	copy	komira_arrow_ipc	src/komira_arrow_ipc/ipc_decoder_dispatch.mojo	
arrow/ipc_encoder_dispatch.mojo	src	1946	copy	komira_arrow_ipc	src/komira_arrow_ipc/ipc_encoder_dispatch.mojo	
arrow/ipc_encoder_nested.mojo	src	409	copy	komira_arrow_ipc	src/komira_arrow_ipc/ipc_encoder_nested.mojo	
arrow/ipc_encoder_primitive.mojo	src	322	copy	komira_arrow_ipc	src/komira_arrow_ipc/ipc_encoder_primitive.mojo	
arrow/ipc_encoder_temporal.mojo	src	246	copy	komira_arrow_ipc	src/komira_arrow_ipc/ipc_encoder_temporal.mojo	
arrow/ipc_encoder_varlen.mojo	src	171	copy	komira_arrow_ipc	src/komira_arrow_ipc/ipc_encoder_varlen.mojo	
arrow/ipc_flatbuf.mojo	src	3670	copy	komira_arrow_ipc	src/komira_arrow_ipc/ipc_flatbuf.mojo	
arrow/ipc_morsel_fill.mojo	src	672	copy	komira_arrow_ipc	src/komira_arrow_ipc/ipc_morsel_fill.mojo	
arrow/large_binary_array.mojo	src	267	copy	komira_arrow	src/komira_arrow/large_binary_array.mojo	
arrow/large_string_array.mojo	src	355	copy	komira_arrow	src/komira_arrow/large_string_array.mojo	
arrow/list_array.mojo	src	507	copy	komira_arrow	src/komira_arrow/list_array.mojo	
arrow/map_array.mojo	src	479	copy	komira_arrow	src/komira_arrow/map_array.mojo	
arrow/offset_overflow.mojo	src	480	copy	komira_arrow	src/komira_arrow/offset_overflow.mojo	
arrow/owned_aligned_buffer.mojo	src	954	copy	komira_buffer	src/komira_buffer/owned_aligned_buffer.mojo	
arrow/primitive_array.mojo	src	851	copy	komira_arrow	src/komira_arrow/primitive_array.mojo	
arrow/quote_styles.mojo	src	145	copy	komira_arrow	src/komira_arrow/quote_styles.mojo	
arrow/record_batch.mojo	src	1551	copy	komira_arrow	src/komira_arrow/record_batch.mojo	
arrow/record_batch_compare.mojo	src	394	copy	komira_arrow_ipc	src/komira_arrow_ipc/record_batch_compare.mojo	
arrow/schema.mojo	src	1337	copy	komira_arrow	src/komira_arrow/schema.mojo	
arrow/schema_identity.mojo	src	86	copy	komira_arrow	src/komira_arrow/schema_identity.mojo	
arrow/selection_column.mojo	src	414	copy	komira_arrow	src/komira_arrow/selection_column.mojo	
arrow/serde_format.mojo	src	164	copy	komira_arrow	src/komira_arrow/serde_format.mojo	
arrow/serde_format_options.mojo	src	159	copy	komira_arrow	src/komira_arrow/serde_format_options.mojo	
arrow/shared_aligned_buffer.mojo	src	1772	copy	komira_buffer	src/komira_buffer/shared_aligned_buffer.mojo	
arrow/string_array.mojo	src	553	copy	komira_arrow	src/komira_arrow/string_array.mojo	
arrow/string_builder.mojo	src	318	copy	komira_arrow	src/komira_arrow/string_builder.mojo	
arrow/struct_array.mojo	src	471	copy	komira_arrow	src/komira_arrow/struct_array.mojo	
arrow/table.mojo	src	1203	copy	komira_arrow	src/komira_arrow/table.mojo	
arrow/union_array.mojo	src	424	copy	komira_arrow	src/komira_arrow/union_array.mojo	
arrow/varlen_width_guard.mojo	src	399	copy	komira_arrow	src/komira_arrow/varlen_width_guard.mojo	
arrow/write_target.mojo	src	189	copy	komira_arrow	src/komira_arrow/write_target.mojo	
arrow_c_stream_sink.mojo	src	292	copy	komira_scan_source	src/komira_scan_source/arrow_c_stream_sink.mojo	
arrow_helpers/__init__.mojo	src	38	facade	-	-	re-export file; every import of it is rewritten to the defining module by symbol; the destination package gets a docstring-only __init__
arrow_helpers/batch_slice.mojo	src	515	copy	komira_column_kernels	src/komira_column_kernels/batch_slice.mojo	
arrow_helpers/streaming_concat.mojo	src	1108	copy	komira_arrow	src/komira_arrow/streaming_concat.mojo	
batch_format.mojo	src	80	copy	komira_arrow	src/komira_arrow/batch_format.mojo	
bound_schema.mojo	src	150	copy	komira_arrow	src/komira_arrow/bound_schema.mojo	
cancellation/__init__.mojo	src	12	facade	-	-	re-export file; every import of it is rewritten to the defining module by symbol; the destination package gets a docstring-only __init__
cancellation/token.mojo	src	237	copy	komira_concurrency	src/komira_concurrency/token.mojo	
cd_distinct_key.mojo	src	303	copy	komira_agg_contract	src/komira_agg_contract/cd_distinct_key.mojo	
collections/__init__.mojo	src	50	facade	-	-	re-export file; every import of it is rewritten to the defining module by symbol; the destination package gets a docstring-only __init__
collections/band_view.mojo	src	373	copy	komira_arrow	src/komira_arrow/band_view.mojo	
collections/batch_view.mojo	src	1201	copy	komira_arrow	src/komira_arrow/batch_view.mojo	
collections/bloom_filter.mojo	src	1054	copy	komira_dynamic_filter	src/komira_dynamic_filter/bloom_filter.mojo	
collections/byte_buffer.mojo	src	561	copy	komira_buffer	src/komira_buffer/byte_buffer.mojo	
collections/byte_view.mojo	src	746	copy	komira_buffer	src/komira_buffer/byte_view.mojo	
collections/chunk_typed.mojo	src	139	copy	komira_arrow	src/komira_arrow/chunk_typed.mojo	
collections/column_builder.mojo	src	360	copy	komira_arrow	src/komira_arrow/column_builder.mojo	
collections/constant_filter.mojo	src	107	copy	komira_dynamic_filter	src/komira_dynamic_filter/constant_filter.mojo	
collections/dyn_value.mojo	src	169	copy	komira_collections	src/komira_collections/dyn_value.mojo	
collections/in_list_filter.mojo	src	87	copy	komira_dynamic_filter	src/komira_dynamic_filter/in_list_filter.mojo	
collections/morsel_view.mojo	src	154	copy	komira_arrow	src/komira_arrow/morsel_view.mojo	
collections/multi_column_builder.mojo	src	810	copy	komira_arrow	src/komira_arrow/multi_column_builder.mojo	
collections/owned_fd.mojo	src	99	copy	komira_libc	src/komira_libc/owned_fd.mojo	
collections/parallel_work.mojo	src	148	copy	komira_arrow	src/komira_arrow/parallel_work.mojo	
collections/range_filter.mojo	src	98	copy	komira_dynamic_filter	src/komira_dynamic_filter/range_filter.mojo	
collections/selectivity_tracker.mojo	src	174	copy	komira_dynamic_filter	src/komira_dynamic_filter/selectivity_tracker.mojo	
collections/slab.mojo	src	1132	copy	komira_collections	src/komira_collections/slab.mojo	
collections/string_column_view.mojo	src	471	copy	komira_arrow	src/komira_arrow/string_column_view.mojo	
collections/variadic_pack.mojo	src	221	copy	komira_collections	src/komira_collections/variadic_pack.mojo	
concurrency/__init__.mojo	src	10	facade	-	-	re-export file; every import of it is rewritten to the defining module by symbol; the destination package gets a docstring-only __init__
concurrency/spawn_drop.mojo	src	119	copy	komira_concurrency	src/komira_concurrency/spawn_drop.mojo	
cpu_topology.mojo	src	86	facade	-	-	re-export of runtime/cpu_topology; imports rewritten to komira_host.cpu_topology
dtype_sentinel.mojo	src	66	copy	komira_arrow	src/komira_arrow/dtype_sentinel.mojo	
engine_config.mojo	src	362	dropped	-	-	unreferenced; deleted
engine_error.mojo	src	383	copy	komira_exec_types	src/komira_exec_types/engine_error.mojo	
eval/__init__.mojo	src	48	facade	-	-	re-export file; every import of it is rewritten to the defining module by symbol; the destination package gets a docstring-only __init__
eval/arithmetic.mojo	src	1372	copy	komira_column_kernels	src/komira_column_kernels/arithmetic.mojo	
eval/cast_null.mojo	src	555	copy	komira_column_kernels	src/komira_column_kernels/cast_null.mojo	
eval/comparison.mojo	src	1245	copy	komira_column_kernels	src/komira_column_kernels/comparison.mojo	
eval/decimal256_arith.mojo	src	259	copy	komira_scalar_arith	src/komira_scalar_arith/decimal256_arith.mojo	
eval/decimal_arith.mojo	src	295	copy	komira_scalar_arith	src/komira_scalar_arith/decimal_arith.mojo	
eval/decimal_cast.mojo	src	304	copy	komira_scalar_arith	src/komira_scalar_arith/decimal_cast.mojo	
eval/decimal_compare.mojo	src	42	copy	komira_scalar_arith	src/komira_scalar_arith/decimal_compare.mojo	
eval/dict_filter.mojo	src	576	copy	komira_column_kernels	src/komira_column_kernels/dict_filter.mojo	
eval/digest_functions.mojo	src	551	copy	komira_column_kernels	src/komira_column_kernels/digest_functions.mojo	
eval/fused_predicate.mojo	src	616	copy	komira_column_kernels	src/komira_column_kernels/fused_predicate.mojo	
eval/int_overflow.mojo	src	254	copy	komira_scalar_arith	src/komira_scalar_arith/int_overflow.mojo	
eval/interval_mdn_kernels.mojo	src	707	copy	komira_column_kernels	src/komira_column_kernels/interval_mdn_kernels.mojo	
eval/numeric_unary.mojo	src	272	copy	komira_column_kernels	src/komira_column_kernels/numeric_unary.mojo	
eval/regexp_bitstate.mojo	src	279	copy	komira_column_kernels	src/komira_column_kernels/regexp_bitstate.mojo	
eval/regexp_functions.mojo	src	1435	copy	komira_column_kernels	src/komira_column_kernels/regexp_functions.mojo	
eval/regexp_nfa.mojo	src	2243	copy	komira_column_kernels	src/komira_column_kernels/regexp_nfa.mojo	
eval/scalar_math.mojo	src	474	copy	komira_column_kernels	src/komira_column_kernels/scalar_math.mojo	
eval/selection_vector.mojo	src	269	copy	komira_arrow	src/komira_arrow/selection_vector.mojo	
eval/selection_vector_row.mojo	src	529	copy	komira_arrow	src/komira_arrow/selection_vector_row.mojo	
eval/selective_decode.mojo	src	316	copy	komira_column_kernels	src/komira_column_kernels/selective_decode.mojo	
eval/string_comparison.mojo	src	1837	copy	komira_column_kernels	src/komira_column_kernels/string_comparison.mojo	
eval/string_contains_scan.mojo	src	255	copy	komira_column_kernels	src/komira_column_kernels/string_contains_scan.mojo	
eval/string_eq_arm_counter.mojo	src	104	copy	komira_counters	src/komira_counters/string_eq_arm_counter.mojo	
eval/unicode_case.mojo	src	178	copy	komira_column_kernels	src/komira_column_kernels/unicode_case.mojo	
eval/unicode_case_table.mojo	src	1725	copy	komira_column_kernels	src/komira_column_kernels/unicode_case_table.mojo	
eval/union_compute.mojo	src	1034	copy	komira_column_kernels	src/komira_column_kernels/union_compute.mojo	
helpers/__init__.mojo	src	4	facade	-	-	re-export file; every import of it is rewritten to the defining module by symbol; the destination package gets a docstring-only __init__
helpers/byte_size.mojo	src	65	copy	komira_exec_types	src/komira_exec_types/byte_size.mojo	
helpers/compiler_helpers.mojo	src	3329	copy	komira_column_kernels	src/komira_column_kernels/compiler_helpers.mojo	
helpers/compiler_join_assembly.mojo	src	1929	copy	komira_join_assembly	src/komira_join_assembly/compiler_join_assembly.mojo	
helpers/compiler_registry.mojo	src	137	copy	komira_scan_source	src/komira_scan_source/compiler_registry.mojo	
helpers/compiler_scan.mojo	src	65	dropped	-	-	unreferenced; deleted
helpers/gather_width_counter.mojo	src	191	copy	komira_counters	src/komira_counters/gather_width_counter.mojo	
helpers/join_chain_layout.mojo	src	13	dropped	-	-	unreferenced; deleted
helpers/join_chunk_plan.mojo	src	745	copy	komira_join_assembly	src/komira_join_assembly/join_chunk_plan.mojo	
helpers/join_index_window_counter.mojo	src	189	copy	komira_counters	src/komira_counters/join_index_window_counter.mojo	
helpers/join_key_cse.mojo	src	461	copy	komira_join_assembly	src/komira_join_assembly/join_key_cse.mojo	
helpers/parquet_read_counter.mojo	src	306	copy	komira_counters	src/komira_counters/parquet_read_counter.mojo	
helpers/planner_scale_counter.mojo	src	380	copy	komira_counters	src/komira_counters/planner_scale_counter.mojo	
helpers/query_context.mojo	src	81	copy	komira_exec_types	src/komira_exec_types/query_context.mojo	
helpers/strdrain_counter.mojo	src	529	copy	komira_counters	src/komira_counters/strdrain_counter.mojo	
instr/__init__.mojo	src	47	facade	-	-	re-export file; every import of it is rewritten to the defining module by symbol; the destination package gets a docstring-only __init__
instr/keyeq_census.mojo	src	346	copy	komira_counters	src/komira_counters/keyeq_census.mojo	
instr/rxcensus.mojo	src	118	copy	komira_counters	src/komira_counters/rxcensus.mojo	
io/__init__.mojo	src	13	facade	-	-	re-export file; every import of it is rewritten to the defining module by symbol; the destination package gets a docstring-only __init__
io/chunked_read.mojo	src	301	copy	komira_arrow_ipc	src/komira_arrow_ipc/chunked_read.mojo	
io/chunked_write.mojo	src	154	copy	komira_libc	src/komira_libc/chunked_write.mojo	
io/fd_write_all.mojo	src	168	copy	komira_libc	src/komira_libc/fd_write_all.mojo	
io/file_identity.mojo	src	230	copy	komira_buffer	src/komira_buffer/file_identity.mojo	
io/heap_region.mojo	src	175	copy	komira_buffer	src/komira_buffer/heap_region.mojo	
io/memory_region.mojo	src	75	copy	komira_buffer	src/komira_buffer/memory_region.mojo	
io/mmap_region.mojo	src	566	copy	komira_buffer	src/komira_buffer/mmap_region.mojo	
io/posix_io.mojo	src	783	copy	komira_libc	src/komira_libc/posix_io.mojo	
key_column_view.mojo	src	225	copy	komira_arrow	src/komira_arrow/key_column_view.mojo	
obs/__init__.mojo	src	19	facade	-	-	re-export file; every import of it is rewritten to the defining module by symbol; the destination package gets a docstring-only __init__
obs/runtime_introspection.mojo	src	295	copy	komira_counters	src/komira_counters/runtime_introspection.mojo	
parsers/__init__.mojo	src	38	facade	-	-	re-export file; every import of it is rewritten to the defining module by symbol; the destination package gets a docstring-only __init__
parsers/byte_span_numeric.mojo	src	534	moves-with-consumer	komira_csv	src/komira_csv/byte_span_numeric.mojo	
partition_by_output_contract.mojo	src	78	copy	komira_exec_types	src/komira_exec_types/partition_by_output_contract.mojo	
plan/__init__.mojo	src	13	facade	-	-	re-export file; every import of it is rewritten to the defining module by symbol; the destination package gets a docstring-only __init__
plan/agg_expr.mojo	src	1358	copy	komira_plan_expr	src/komira_plan_expr/agg_expr.mojo	
plan/col_expr.mojo	src	2919	copy	komira_plan_expr	src/komira_plan_expr/col_expr.mojo	
plan/col_expr_bind.mojo	src	407	copy	komira_plan_expr	src/komira_plan_expr/col_expr_bind.mojo	
plan/col_expr_division.mojo	src	150	copy	komira_plan_expr	src/komira_plan_expr/col_expr_division.mojo	
plan/col_expr_name.mojo	src	60	copy	komira_plan_expr	src/komira_plan_expr/col_expr_name.mojo	
plan/corr_subquery.mojo	src	104	copy	komira_plan_ir	src/komira_plan_ir/corr_subquery.mojo	
plan/corr_subquery_data.mojo	src	210	copy	komira_plan_expr	src/komira_plan_expr/corr_subquery_data.mojo	
plan/declared_scalar_udf.mojo	src	93	copy	komira_plan_expr	src/komira_plan_expr/declared_scalar_udf.mojo	
plan/erased_box.mojo	src	239	copy	komira_plan_expr	src/komira_plan_expr/erased_box.mojo	
plan/excel_error_code.mojo	src	184	copy	komira_plan_expr	src/komira_plan_expr/excel_error_code.mojo	
plan/expr.mojo	src	5283	copy	komira_plan_expr	src/komira_plan_expr/expr.mojo	
plan/expr_helpers.mojo	src	256	copy	komira_plan_expr	src/komira_plan_expr/expr_helpers.mojo	
plan/expr_pool.mojo	src	109	copy	komira_plan_expr	src/komira_plan_expr/expr_pool.mojo	
plan/expr_udf_sites.mojo	src	414	copy	komira_plan_ir	src/komira_plan_ir/expr_udf_sites.mojo	
plan/expr_walk.mojo	src	1355	copy	komira_plan_expr	src/komira_plan_expr/expr_walk.mojo	
plan/fs_bindings.mojo	src	150	copy	komira_plan_expr	src/komira_plan_expr/fs_bindings.mojo	
plan/fs_descriptor_pod.mojo	src	95	copy	komira_plan_expr	src/komira_plan_expr/fs_descriptor_pod.mojo	
plan/fs_resolver.mojo	src	114	copy	komira_plan_expr	src/komira_plan_expr/fs_resolver.mojo	
plan/literal_domain.mojo	src	72	copy	komira_plan_expr	src/komira_plan_expr/literal_domain.mojo	
plan/logical_plan.mojo	src	2575	copy	komira_plan_ir	src/komira_plan_ir/logical_plan.mojo	
plan/logical_plan_variants.mojo	src	1446	copy	komira_plan_ir	src/komira_plan_ir/logical_plan_variants.mojo	
plan/null_order_policy.mojo	src	94	copy	komira_plan_expr	src/komira_plan_expr/null_order_policy.mojo	
plan/partition_expr.mojo	src	506	copy	komira_plan_expr	src/komira_plan_expr/partition_expr.mojo	
plan/partition_frame.mojo	src	189	copy	komira_plan_expr	src/komira_plan_expr/partition_frame.mojo	
plan/partition_pred_pod.mojo	src	163	copy	komira_plan_expr	src/komira_plan_expr/partition_pred_pod.mojo	
plan/payload_narrow.mojo	src	152	copy	komira_plan_expr	src/komira_plan_expr/payload_narrow.mojo	
plan/physical_plan.mojo	src	1328	copy	komira_plan_ir	src/komira_plan_ir/physical_plan.mojo	
plan/physical_plan_purity_gate.mojo	src	450	copy	komira_plan_ir	src/komira_plan_ir/physical_plan_purity_gate.mojo	
plan/physical_type.mojo	src	79	copy	komira_plan_stats	src/komira_plan_stats/physical_type.mojo	
plan/plan_display.mojo	src	892	copy	komira_plan_ir	src/komira_plan_ir/plan_display.mojo	
plan/plan_helpers.mojo	src	1960	copy	komira_plan_ir	src/komira_plan_ir/plan_helpers.mojo	
plan/plan_wire_vocabulary.mojo	src	4663	moves-with-consumer	komira_plan_wire	src/komira_plan_wire/plan_wire_vocabulary.mojo	
plan/precision_scalar.mojo	src	90	copy	komira_plan_stats	src/komira_plan_stats/precision_scalar.mojo	
plan/scalar_desugar.mojo	src	504	copy	komira_plan_expr	src/komira_plan_expr/scalar_desugar.mojo	
plan/scalar_value.mojo	src	736	copy	komira_plan_expr	src/komira_plan_expr/scalar_value.mojo	
plan/scan_binding_bind_pass.mojo	src	653	copy	komira_plan_ir	src/komira_plan_ir/scan_binding_bind_pass.mojo	
plan/scan_binding_gate.mojo	src	542	copy	komira_plan_ir	src/komira_plan_ir/scan_binding_gate.mojo	
plan/scan_identity_render_audit.mojo	src	877	copy	komira_plan_ir	src/komira_plan_ir/scan_identity_render_audit.mojo	
plan/schema_propagation.mojo	src	338	copy	komira_plan_ir	src/komira_plan_ir/schema_propagation.mojo	
plan/secret_bindings.mojo	src	188	moves-with-consumer	komira_secret_registry	src/komira_secret_registry/secret_bindings.mojo	
plan/stats_provider.mojo	src	208	copy	komira_plan_stats	src/komira_plan_stats/stats_provider.mojo	
plan/table_stats.mojo	src	294	copy	komira_plan_stats	src/komira_plan_stats/table_stats.mojo	
plan/udf_data.mojo	src	590	copy	komira_plan_expr	src/komira_plan_expr/udf_data.mojo	
process_result.mojo	src	151	copy	komira_exec_types	src/komira_exec_types/process_result.mojo	
runtime/__init__.mojo	src	42	facade	-	-	re-export file; every import of it is rewritten to the defining module by symbol; the destination package gets a docstring-only __init__
runtime/cpu_topology.mojo	src	2476	copy	komira_host	src/komira_host/cpu_topology.mojo	
runtime/engine_placement.mojo	src	80	copy	komira_host	src/komira_host/engine_placement.mojo	
runtime/proc_probe.mojo	src	355	copy	komira_host	src/komira_host/proc_probe.mojo	
runtime/thp_policy.mojo	src	676	copy	komira_host	src/komira_host/thp_policy.mojo	
runtime_traits/__init__.mojo	src	36	facade	-	-	re-export file; every import of it is rewritten to the defining module by symbol; the destination package gets a docstring-only __init__
runtime_traits/fork_join_shared.mojo	src	345	copy	komira_concurrency	src/komira_concurrency/fork_join_shared.mojo	
runtime_traits/parallel_dispatch.mojo	src	116	copy	komira_concurrency	src/komira_concurrency/parallel_dispatch.mojo	
runtime_traits/sched_sites.mojo	src	46	copy	komira_concurrency	src/komira_concurrency/sched_sites.mojo	
runtime_traits/shared_chunk_work.mojo	src	62	copy	komira_concurrency	src/komira_concurrency/shared_chunk_work.mojo	
runtime_traits/worker_pool_traits.mojo	src	128	copy	komira_concurrency	src/komira_concurrency/worker_pool_traits.mojo	
simd/__init__.mojo	src	61	facade	-	-	re-export file; every import of it is rewritten to the defining module by symbol; the destination package gets a docstring-only __init__
simd/bit_unpack.mojo	src	336	copy	komira_simd	src/komira_simd/bit_unpack.mojo	
simd/blend.mojo	src	181	copy	komira_simd	src/komira_simd/blend.mojo	
simd/byte_class/__init__.mojo	src	81	facade	-	-	re-export file; every import of it is rewritten to the defining module by symbol; the destination package gets a docstring-only __init__
simd/byte_class/bitmask_to_positions.mojo	src	182	copy	komira_simd	src/komira_simd/byte_class/bitmask_to_positions.mojo	
simd/byte_class/broadcast_iota.mojo	src	128	copy	komira_simd	src/komira_simd/byte_class/broadcast_iota.mojo	
simd/byte_class/byte_equal.mojo	src	259	copy	komira_simd	src/komira_simd/byte_class/byte_equal.mojo	
simd/byte_class/byte_find_any_of.mojo	src	287	copy	komira_simd	src/komira_simd/byte_class/byte_find_any_of.mojo	
simd/byte_class/byte_mask_ops.mojo	src	145	copy	komira_simd	src/komira_simd/byte_class/byte_mask_ops.mojo	
simd/byte_class/byte_memmem.mojo	src	223	copy	komira_simd	src/komira_simd/byte_class/byte_memmem.mojo	
simd/byte_class/comparisons.mojo	src	202	copy	komira_simd	src/komira_simd/byte_class/comparisons.mojo	
simd/byte_class/compress_expand.mojo	src	177	copy	komira_simd	src/komira_simd/byte_class/compress_expand.mojo	
simd/byte_class/conditional_select.mojo	src	118	copy	komira_simd	src/komira_simd/byte_class/conditional_select.mojo	
simd/byte_class/horizontal_reduce.mojo	src	141	copy	komira_simd	src/komira_simd/byte_class/horizontal_reduce.mojo	
simd/byte_class/masked_memory.mojo	src	155	copy	komira_simd	src/komira_simd/byte_class/masked_memory.mojo	
simd/byte_class/movemask.mojo	src	223	copy	komira_simd	src/komira_simd/byte_class/movemask.mojo	
simd/byte_class/prefix_xor.mojo	src	85	copy	komira_simd	src/komira_simd/byte_class/prefix_xor.mojo	
simd/byte_class/quote_region_mask.mojo	src	149	copy	komira_simd	src/komira_simd/byte_class/quote_region_mask.mojo	
simd/byte_class/table_lookup.mojo	src	185	copy	komira_simd	src/komira_simd/byte_class/table_lookup.mojo	
simd/byte_class/type_cast.mojo	src	217	copy	komira_simd	src/komira_simd/byte_class/type_cast.mojo	
simd/compress.mojo	src	384	copy	komira_simd	src/komira_simd/compress.mojo	
simd/fast_copy.mojo	src	671	copy	komira_simd	src/komira_simd/fast_copy.mojo	
simd/gather.mojo	src	438	copy	komira_simd	src/komira_simd/gather.mojo	
simd/horizontal_add.mojo	src	126	copy	komira_simd	src/komira_simd/horizontal_add.mojo	
simd/pattern_copy.mojo	src	266	copy	komira_simd	src/komira_simd/pattern_copy.mojo	
simd/popcount.mojo	src	192	copy	komira_simd	src/komira_simd/popcount.mojo	
simd/validity_pack.mojo	src	128	copy	komira_simd	src/komira_simd/validity_pack.mojo	
simd/width_policy.mojo	src	199	copy	komira_simd	src/komira_simd/width_policy.mojo	
simd_helpers.mojo	src	366	copy	komira_simd	src/komira_simd/simd_helpers.mojo	
source/__init__.mojo	src	47	facade	-	-	re-export file; every import of it is rewritten to the defining module by symbol; the destination package gets a docstring-only __init__
source/arrow_source.mojo	src	199	copy	komira_scan_source	src/komira_scan_source/arrow_source.mojo	
source/avro_source.mojo	src	154	copy	komira_scan_source	src/komira_scan_source/avro_source.mojo	
source/column_stats.mojo	src	1241	copy	komira_scan_source	src/komira_scan_source/column_stats.mojo	
source/csv_source.mojo	src	214	copy	komira_scan_source	src/komira_scan_source/csv_source.mojo	
source/in_memory_source.mojo	src	741	copy	komira_scan_source	src/komira_scan_source/in_memory_source.mojo	
source/json_source.mojo	src	185	copy	komira_scan_source	src/komira_scan_source/json_source.mojo	
source/orc_source.mojo	src	210	copy	komira_scan_source	src/komira_scan_source/orc_source.mojo	
source/parquet_source.mojo	src	595	copy	komira_scan_source	src/komira_scan_source/parquet_source.mojo	
source/pushdown_gate.mojo	src	338	copy	komira_scan_source	src/komira_scan_source/pushdown_gate.mojo	
source/scan_binding.mojo	src	526	copy	komira_scan_source	src/komira_scan_source/scan_binding.mojo	
source/scan_identity_audit.mojo	src	821	copy	komira_scan_source	src/komira_scan_source/scan_identity_audit.mojo	
source/scan_kind_registry.mojo	src	224	copy	komira_scan_source	src/komira_scan_source/scan_kind_registry.mojo	
source/scan_params.mojo	src	302	copy	komira_scan_source	src/komira_scan_source/scan_params.mojo	
source/scan_registry.mojo	src	922	copy	komira_scan_source	src/komira_scan_source/scan_registry.mojo	
source/scan_resolver.mojo	src	265	copy	komira_scan_source	src/komira_scan_source/scan_resolver.mojo	
source/sink.mojo	src	265	copy	komira_scan_source	src/komira_scan_source/sink.mojo	
source/source_like.mojo	src	94	copy	komira_scan_source	src/komira_scan_source/source_like.mojo	
source/source_variant.mojo	src	1724	copy	komira_scan_source	src/komira_scan_source/source_variant.mojo	
tensor/__init__.mojo	src	27	facade	-	-	re-export file; every import of it is rewritten to the defining module by symbol; the destination package gets a docstring-only __init__
tensor/sparse_tensor_column.mojo	src	97	copy	komira_arrow_ipc	src/komira_arrow_ipc/sparse_tensor_column.mojo	
tensor/sparse_tensor_encoder.mojo	src	411	copy	komira_arrow_ipc	src/komira_arrow_ipc/sparse_tensor_encoder.mojo	
tensor/tensor_column.mojo	src	122	copy	komira_arrow_ipc	src/komira_arrow_ipc/tensor_column.mojo	
tensor/tensor_encoder.mojo	src	400	copy	komira_arrow_ipc	src/komira_arrow_ipc/tensor_encoder.mojo	
traits/__init__.mojo	src	3	facade	-	-	re-export file; every import of it is rewritten to the defining module by symbol; the destination package gets a docstring-only __init__
traits/credential_provider.mojo	src	82	dropped	-	-	unreferenced; deleted
traits/exec_result.mojo	src	52	copy	komira_exec_types	src/komira_exec_types/exec_result.mojo	
traits/expr_id.mojo	src	35	copy	komira_plan_expr	src/komira_plan_expr/expr_id.mojo	
traits/scale_signal.mojo	src	100	copy	komira_concurrency	src/komira_concurrency/scale_signal.mojo	
traits/source_capabilities.mojo	src	81	copy	komira_scan_source	src/komira_scan_source/source_capabilities.mojo	
traits/source_statistics.mojo	src	75	copy	komira_plan_stats	src/komira_plan_stats/source_statistics.mojo	
typed_schema.mojo	src	1419	copy	komira_plan_expr	src/komira_plan_expr/typed_schema.mojo	
untyped_multi_column_sink.mojo	src	211	copy	komira_arrow	src/komira_arrow/untyped_multi_column_sink.mojo	
tests/test_agg_expr_children.mojo	test	105	copy	komira_plan_expr	src/komira_plan_expr/tests/test_agg_expr_children.mojo	
tests/test_agg_expr_copy.mojo	test	173	copy	komira_plan_expr	src/komira_plan_expr/tests/test_agg_expr_copy.mojo	
tests/test_agg_expr_named_ctors.mojo	test	203	copy	komira_plan_expr	src/komira_plan_expr/tests/test_agg_expr_named_ctors.mojo	
tests/test_agg_layout.mojo	test	155	copy	komira_agg_contract	src/komira_agg_contract/tests/test_agg_layout.mojo	
tests/test_agg_strategy.mojo	test	201	copy	komira_agg_contract	src/komira_agg_contract/tests/test_agg_strategy.mojo	
tests/test_arith_cast_offset_validity.mojo	test	641	copy	komira_column_kernels	src/komira_column_kernels/tests/test_arith_cast_offset_validity.mojo	
tests/test_arrow_c_data_null_buffer_semantics.mojo	test	598	copy	komira_arrow_ipc	src/komira_arrow_ipc/tests/test_arrow_c_data_null_buffer_semantics.mojo	
tests/test_arrow_c_data_phase_c.mojo	test	520	copy	komira_arrow_ipc	src/komira_arrow_ipc/tests/test_arrow_c_data_phase_c.mojo	
tests/test_arrow_c_data_phase_e.mojo	test	456	copy	komira_arrow_ipc	src/komira_arrow_ipc/tests/test_arrow_c_data_phase_e.mojo	
tests/test_arrow_c_data_phase_f.mojo	test	464	copy	komira_column_kernels	src/komira_column_kernels/tests/test_arrow_c_data_phase_f.mojo	
tests/test_arrow_c_data_stream.mojo	test	523	copy	komira_arrow_ipc	src/komira_arrow_ipc/tests/test_arrow_c_data_stream.mojo	
tests/test_arrow_c_stream_export_independence.mojo	test	517	copy	komira_arrow_ipc	src/komira_arrow_ipc/tests/test_arrow_c_stream_export_independence.mojo	
tests/test_arrow_c_stream_import_foreign_release.mojo	test	425	copy	komira_arrow_ipc	src/komira_arrow_ipc/tests/test_arrow_c_stream_import_foreign_release.mojo	
tests/test_arrow_c_stream_table_export.mojo	test	200	copy	komira_scan_source	src/komira_scan_source/tests/test_arrow_c_stream_table_export.mojo	
tests/test_arrow_coverage_d_large_string_binary.mojo	test	429	copy	komira_arrow_ipc	src/komira_arrow_ipc/tests/test_arrow_coverage_d_large_string_binary.mojo	
tests/test_arrow_coverage_g_nested.mojo	test	373	copy	komira_arrow	src/komira_arrow/tests/test_arrow_coverage_g_nested.mojo	
tests/test_arrow_coverage_h_union.mojo	test	495	copy	komira_arrow	src/komira_arrow/tests/test_arrow_coverage_h_union.mojo	
tests/test_arrow_field_param_round_trip.mojo	test	573	copy	komira_arrow	src/komira_arrow/tests/test_arrow_field_param_round_trip.mojo	
tests/test_arrow_ipc_field_dictionary_encoding.mojo	test	113	copy	komira_arrow_ipc	src/komira_arrow_ipc/tests/test_arrow_ipc_field_dictionary_encoding.mojo	
tests/test_arrow_ipc_flatbuf_message_framing.mojo	test	184	copy	komira_arrow_ipc	src/komira_arrow_ipc/tests/test_arrow_ipc_flatbuf_message_framing.mojo	
tests/test_arrow_ipc_flatbuf_message_round_trip.mojo	test	183	copy	komira_arrow_ipc	src/komira_arrow_ipc/tests/test_arrow_ipc_flatbuf_message_round_trip.mojo	
tests/test_arrow_ipc_flatbuf_reader_primitives.mojo	test	241	copy	komira_arrow_ipc	src/komira_arrow_ipc/tests/test_arrow_ipc_flatbuf_reader_primitives.mojo	
tests/test_arrow_ipc_flatbuf_schema_round_trip.mojo	test	171	copy	komira_arrow_ipc	src/komira_arrow_ipc/tests/test_arrow_ipc_flatbuf_schema_round_trip.mojo	
tests/test_arrow_ipc_flatbuf_tensor_round_trip.mojo	test	243	copy	komira_arrow_ipc	src/komira_arrow_ipc/tests/test_arrow_ipc_flatbuf_tensor_round_trip.mojo	
tests/test_arrow_ipc_flatbuf_type_arms_fanout.mojo	test	392	copy	komira_arrow_ipc	src/komira_arrow_ipc/tests/test_arrow_ipc_flatbuf_type_arms_fanout.mojo	
tests/test_arrow_ipc_flatbuf_vtable_dedup.mojo	test	277	copy	komira_arrow_ipc	src/komira_arrow_ipc/tests/test_arrow_ipc_flatbuf_vtable_dedup.mojo	
tests/test_arrow_ipc_flatbuf_wire_canonical.mojo	test	357	copy	komira_arrow_ipc	src/komira_arrow_ipc/tests/test_arrow_ipc_flatbuf_wire_canonical.mojo	
tests/test_arrow_ipc_flatbuf_writer_primitives.mojo	test	288	copy	komira_arrow_ipc	src/komira_arrow_ipc/tests/test_arrow_ipc_flatbuf_writer_primitives.mojo	
tests/test_arrow_ipc_pyarrow_parity.mojo	test	298	copy	komira_arrow_ipc	src/komira_arrow_ipc/tests/test_arrow_ipc_pyarrow_parity.mojo	
tests/test_arrow_ipc_type_census.mojo	test	1215	copy	komira_arrow_ipc	src/komira_arrow_ipc/tests/test_arrow_ipc_type_census.mojo	
tests/test_arrow_nested_compute_x3_union_t2.mojo	test	450	copy	komira_column_kernels	src/komira_column_kernels/tests/test_arrow_nested_compute_x3_union_t2.mojo	
tests/test_arrow_offset_overflow.mojo	test	470	copy	komira_arrow	src/komira_arrow/tests/test_arrow_offset_overflow.mojo	
tests/test_arrow_table.mojo	test	648	copy	komira_arrow	src/komira_arrow/tests/test_arrow_table.mojo	
tests/test_arrow_table_accessors.mojo	test	1109	copy	komira_arrow	src/komira_arrow/tests/test_arrow_table_accessors.mojo	
tests/test_arrow_types.mojo	test	340	copy	komira_arrow	src/komira_arrow/tests/test_arrow_types.mojo	
tests/test_arrow_types_enum_round_trip.mojo	test	373	copy	komira_arrow	src/komira_arrow/tests/test_arrow_types_enum_round_trip.mojo	
tests/test_as_primitive_sliced_column_byte_equiv.mojo	test	277	copy	komira_arrow	src/komira_arrow/tests/test_as_primitive_sliced_column_byte_equiv.mojo	
tests/test_assemble_join_gather_parallel_param.mojo	test	144	copy	komira_join_assembly	src/komira_join_assembly/tests/test_assemble_join_gather_parallel_param.mojo	
tests/test_atomic_slab.mojo	test	200	copy	komira_collections	src/komira_collections/tests/test_atomic_slab.mojo	
tests/test_b5_segfault.mojo	test	174	copy	komira_arrow	src/komira_arrow/tests/test_b5_segfault.mojo	
tests/test_batch_slice_binary.mojo	test	414	copy	komira_column_kernels	src/komira_column_kernels/tests/test_batch_slice_binary.mojo	
tests/test_batch_slice_large_string.mojo	test	386	copy	komira_column_kernels	src/komira_column_kernels/tests/test_batch_slice_large_string.mojo	
tests/test_batch_view.mojo	test	318	copy	komira_arrow	src/komira_arrow/tests/test_batch_view.mojo	
tests/test_batch_view_u3_extensions.mojo	test	233	copy	komira_arrow	src/komira_arrow/tests/test_batch_view_u3_extensions.mojo	
tests/test_bitmap.mojo	test	745	copy	komira_arrow	src/komira_arrow/tests/test_bitmap.mojo	
tests/test_bitmap_ops.mojo	test	171	copy	komira_arrow	src/komira_arrow/tests/test_bitmap_ops.mojo	
tests/test_bloom_filter_simd_parity.mojo	test	307	copy	komira_dynamic_filter	src/komira_dynamic_filter/tests/test_bloom_filter_simd_parity.mojo	
tests/test_bloom_filter_unit.mojo	test	217	copy	komira_dynamic_filter	src/komira_dynamic_filter/tests/test_bloom_filter_unit.mojo	
tests/test_bloom_in_list_filter.mojo	test	122	copy	komira_dynamic_filter	src/komira_dynamic_filter/tests/test_bloom_in_list_filter.mojo	
tests/test_bloom_merge_or_range_simd_parity.mojo	test	390	copy	komira_dynamic_filter	src/komira_dynamic_filter/tests/test_bloom_merge_or_range_simd_parity.mojo	
tests/test_bloom_range_filter.mojo	test	111	copy	komira_dynamic_filter	src/komira_dynamic_filter/tests/test_bloom_range_filter.mojo	
tests/test_bloom_selectivity_tracker.mojo	test	151	copy	komira_dynamic_filter	src/komira_dynamic_filter/tests/test_bloom_selectivity_tracker.mojo	
tests/test_bool_is_not_a_fixed_byte_width.mojo	test	90	copy	komira_arrow	src/komira_arrow/tests/test_bool_is_not_a_fixed_byte_width.mojo	
tests/test_boolean_array.mojo	test	260	copy	komira_arrow	src/komira_arrow/tests/test_boolean_array.mojo	
tests/test_bound_schema.mojo	test	154	copy	komira_arrow	src/komira_arrow/tests/test_bound_schema.mojo	
tests/test_byte_class_compare_reduce.mojo	test	398	copy	komira_simd	src/komira_simd/tests/test_byte_class_compare_reduce.mojo	
tests/test_byte_class_movemask.mojo	test	321	copy	komira_simd	src/komira_simd/tests/test_byte_class_movemask.mojo	
tests/test_byte_class_shuffle_compress.mojo	test	446	copy	komira_simd	src/komira_simd/tests/test_byte_class_shuffle_compress.mojo	
tests/test_byte_equal_simd.mojo	test	392	copy	komira_simd	src/komira_simd/tests/test_byte_equal_simd.mojo	
tests/test_byte_memmem.mojo	test	339	copy	komira_simd	src/komira_simd/tests/test_byte_memmem.mojo	
tests/test_byte_span_numeric_parsers.mojo	test	628	moves-with-consumer	komira_csv	src/komira_csv/tests/test_byte_span_numeric_parsers.mojo	moves with its module
tests/test_byte_view.mojo	test	459	copy	komira_buffer	src/komira_buffer/tests/test_byte_view.mojo	
tests/test_c_data_interface_release.mojo	test	226	copy	komira_arrow_ipc	src/komira_arrow_ipc/tests/test_c_data_interface_release.mojo	
tests/test_c_data_release_callback_is_fn_ptr.mojo	test	356	copy	komira_arrow_ipc	src/komira_arrow_ipc/tests/test_c_data_release_callback_is_fn_ptr.mojo	
tests/test_chunked_read.mojo	test	209	copy	komira_arrow_ipc	src/komira_arrow_ipc/tests/test_chunked_read.mojo	
tests/test_chunked_write.mojo	test	309	copy	komira_libc	src/komira_libc/tests/test_chunked_write.mojo	
tests/test_col_expr_bind.mojo	test	260	copy	komira_plan_ir	src/komira_plan_ir/tests/test_col_expr_bind.mojo	
tests/test_col_expr_desugar_verbs.mojo	test	287	copy	komira_plan_ir	src/komira_plan_ir/tests/test_col_expr_desugar_verbs.mojo	
tests/test_col_expr_polars_named_verbs.mojo	test	245	copy	komira_plan_ir	src/komira_plan_ir/tests/test_col_expr_polars_named_verbs.mojo	
tests/test_col_scalar_type_complete.mojo	test	195	copy	komira_arrow	src/komira_arrow/tests/test_col_scalar_type_complete.mojo	
tests/test_column_binary.mojo	test	527	copy	komira_arrow	src/komira_arrow/tests/test_column_binary.mojo	
tests/test_column_builder.mojo	test	304	copy	komira_arrow	src/komira_arrow/tests/test_column_builder.mojo	
tests/test_column_move.mojo	test	351	copy	komira_arrow	src/komira_arrow/tests/test_column_move.mojo	
tests/test_column_stats_large_string_offsets.mojo	test	173	copy	komira_scan_source	src/komira_scan_source/tests/test_column_stats_large_string_offsets.mojo	
tests/test_column_view_elim_oracle.mojo	test	348	copy	komira_column_kernels	src/komira_column_kernels/tests/test_column_view_elim_oracle.mojo	
tests/test_compiler_join_assembly_string_gather_simd_parity.mojo	test	370	copy	komira_join_assembly	src/komira_join_assembly/tests/test_compiler_join_assembly_string_gather_simd_parity.mojo	
tests/test_concat_nway_correctness.mojo	test	287	copy	komira_arrow	src/komira_arrow/tests/test_concat_nway_correctness.mojo	
tests/test_copy_column_validity.mojo	test	321	copy	komira_column_kernels	src/komira_column_kernels/tests/test_copy_column_validity.mojo	
tests/test_copy_share_table.mojo	test	390	copy	komira_column_kernels	src/komira_column_kernels/tests/test_copy_share_table.mojo	
tests/test_copyable_sab_mmap_keepalive_copy.mojo	test	121	copy	komira_buffer	src/komira_buffer/tests/test_copyable_sab_mmap_keepalive_copy.mojo	
tests/test_csv_emit.mojo	test	365	copy	komira_arrow	src/komira_arrow/tests/test_csv_emit.mojo	
tests/test_csv_read_csv_e2e.mojo	test	90	copy	komira_scan_source	src/komira_scan_source/tests/test_csv_read_csv_e2e.mojo	
tests/test_date_to_days_closed_form.mojo	test	362	copy	komira_plan_expr	src/komira_plan_expr/tests/test_date_to_days_closed_form.mojo	
tests/test_decimal256_arith.mojo	test	247	copy	komira_scalar_arith	src/komira_scalar_arith/tests/test_decimal256_arith.mojo	
tests/test_dict_concat_adversarial.mojo	test	418	copy	komira_arrow	src/komira_arrow/tests/test_dict_concat_adversarial.mojo	
tests/test_dict_concat_probe_bound.mojo	test	534	copy	komira_arrow	src/komira_arrow/tests/test_dict_concat_probe_bound.mojo	
tests/test_dict_merge.mojo	test	184	copy	komira_arrow	src/komira_arrow/tests/test_dict_merge.mojo	
tests/test_dictionary_temporal.mojo	test	254	copy	komira_arrow	src/komira_arrow/tests/test_dictionary_temporal.mojo	
tests/test_dyn_value.mojo	test	172	copy	komira_collections	src/komira_collections/tests/test_dyn_value.mojo	
tests/test_engine_config.mojo	test	277	dropped	-	-	covers dropped module engine_config; deleted with it
tests/test_engine_error.mojo	test	296	copy	komira_exec_types	src/komira_exec_types/tests/test_engine_error.mojo	
tests/test_engine_placement.mojo	test	106	copy	komira_host	src/komira_host/tests/test_engine_placement.mojo	
tests/test_expr_copy.mojo	test	240	copy	komira_plan_expr	src/komira_plan_expr/tests/test_expr_copy.mojo	
tests/test_expr_correlated_subquery.mojo	test	326	copy	komira_plan_ir	src/komira_plan_ir/tests/test_expr_correlated_subquery.mojo	
tests/test_expr_render_is_plan_identity.mojo	test	138	copy	komira_plan_expr	src/komira_plan_expr/tests/test_expr_render_is_plan_identity.mojo	
tests/test_expr_walk_unification.mojo	test	794	copy	komira_join_assembly	src/komira_join_assembly/tests/test_expr_walk_unification.mojo	imports column_kernels, plan_expr and plan_ir; join_assembly is the lowest package whose deps cover all three; probably two tests (see log)
tests/test_fast_copy_byte_oracle.mojo	test	370	copy	komira_simd	src/komira_simd/tests/test_fast_copy_byte_oracle.mojo	
tests/test_fast_copy_call_sites_enabled.mojo	test	517	copy	komira_buffer	src/komira_buffer/tests/test_fast_copy_call_sites_enabled.mojo	
tests/test_fast_copy_erms_band.mojo	test	239	copy	komira_simd	src/komira_simd/tests/test_fast_copy_erms_band.mojo	
tests/test_fast_copy_size_ladder.mojo	test	353	copy	komira_simd	src/komira_simd/tests/test_fast_copy_size_ladder.mojo	
tests/test_fd_write_all_clamps_per_call_length.mojo	test	378	copy	komira_libc	src/komira_libc/tests/test_fd_write_all_clamps_per_call_length.mojo	
tests/test_field_cdata.mojo	test	261	copy	komira_arrow_ipc	src/komira_arrow_ipc/tests/test_field_cdata.mojo	
tests/test_fixed_array.mojo	test	400	copy	komira_arrow	src/komira_arrow/tests/test_fixed_array.mojo	
tests/test_g4_bool_carried_batch_slice.mojo	test	325	copy	komira_column_kernels	src/komira_column_kernels/tests/test_g4_bool_carried_batch_slice.mojo	
tests/test_g4_bool_carried_join_gather.mojo	test	272	copy	komira_join_assembly	src/komira_join_assembly/tests/test_g4_bool_carried_join_gather.mojo	
tests/test_g4_bool_union_hash_silent_overread.mojo	test	235	copy	komira_column_kernels	src/komira_column_kernels/tests/test_g4_bool_union_hash_silent_overread.mojo	
tests/test_g4_bool_union_take_silent_overread.mojo	test	162	copy	komira_column_kernels	src/komira_column_kernels/tests/test_g4_bool_union_take_silent_overread.mojo	
tests/test_gather_narrow_widths_core.mojo	test	369	copy	komira_join_assembly	src/komira_join_assembly/tests/test_gather_narrow_widths_core.mojo	
tests/test_gather_string_copy_lengths.mojo	test	206	copy	komira_column_kernels	src/komira_column_kernels/tests/test_gather_string_copy_lengths.mojo	
tests/test_heap_region.mojo	test	174	copy	komira_buffer	src/komira_buffer/tests/test_heap_region.mojo	
tests/test_hugepage_hint.mojo	test	892	copy	komira_buffer	src/komira_buffer/tests/test_hugepage_hint.mojo	
tests/test_in_memory_source.mojo	test	429	copy	komira_scan_source	src/komira_scan_source/tests/test_in_memory_source.mojo	
tests/test_infer_agg_field_keeps_timestamp_zone.mojo	test	496	copy	komira_plan_ir	src/komira_plan_ir/tests/test_infer_agg_field_keeps_timestamp_zone.mojo	
tests/test_inmem_content_identity.mojo	test	612	copy	komira_plan_ir	src/komira_plan_ir/tests/test_inmem_content_identity.mojo	
tests/test_inmem_structural_id_memo_oracle.mojo	test	411	copy	komira_scan_source	src/komira_scan_source/tests/test_inmem_structural_id_memo_oracle.mojo	
tests/test_ipc_encoder_dispatch.mojo	test	1456	copy	komira_arrow_ipc	src/komira_arrow_ipc/tests/test_ipc_encoder_dispatch.mojo	
tests/test_join_chunk_plan_byte_budget.mojo	test	1114	copy	komira_join_assembly	src/komira_join_assembly/tests/test_join_chunk_plan_byte_budget.mojo	
tests/test_key_column_view.mojo	test	256	copy	komira_arrow	src/komira_arrow/tests/test_key_column_view.mojo	
tests/test_large_arrays.mojo	test	311	copy	komira_arrow	src/komira_arrow/tests/test_large_arrays.mojo	
tests/test_large_writes.mojo	test	196	copy	komira_arrow_ipc	src/komira_arrow_ipc/tests/test_large_writes.mojo	the source of the ungated mojo_binary large_writes_check (not a gated test); lowest package covering chunked_read (arrow_ipc) and chunked_write (komira_libc)
tests/test_lz4_raw_conformer_roundtrip.mojo	test	103	copy	komira_compression	src/komira_compression/tests/test_lz4_raw_conformer_roundtrip.mojo	
tests/test_map_ipc.mojo	test	468	copy	komira_arrow_ipc	src/komira_arrow_ipc/tests/test_map_ipc.mojo	
tests/test_metadata_cdata.mojo	test	224	copy	komira_arrow_ipc	src/komira_arrow_ipc/tests/test_metadata_cdata.mojo	
tests/test_mmap_region_open_readonly.mojo	test	173	copy	komira_buffer	src/komira_buffer/tests/test_mmap_region_open_readonly.mojo	
tests/test_mmap_region_willneed.mojo	test	431	copy	komira_buffer	src/komira_buffer/tests/test_mmap_region_willneed.mojo	
tests/test_multi_way_concat.mojo	test	196	copy	komira_arrow	src/komira_arrow/tests/test_multi_way_concat.mojo	
tests/test_mutable_array.mojo	test	765	copy	komira_arrow	src/komira_arrow/tests/test_mutable_array.mojo	
tests/test_nary_foundation.mojo	test	279	copy	komira_arrow	src/komira_arrow/tests/test_nary_foundation.mojo	
tests/test_nested_arrays.mojo	test	322	copy	komira_arrow	src/komira_arrow/tests/test_nested_arrays.mojo	
tests/test_numeric_dict_flat_offset_validity.mojo	test	147	copy	komira_arrow	src/komira_arrow/tests/test_numeric_dict_flat_offset_validity.mojo	
tests/test_owned_aligned_buffer_reserve_regrow.mojo	test	148	copy	komira_buffer	src/komira_buffer/tests/test_owned_aligned_buffer_reserve_regrow.mojo	
tests/test_owned_fd.mojo	test	98	copy	komira_libc	src/komira_libc/tests/test_owned_fd.mojo	
tests/test_owned_slab.mojo	test	361	copy	komira_collections	src/komira_collections/tests/test_owned_slab.mojo	
tests/test_p0_arrow_spec_fixes.mojo	test	406	copy	komira_arrow	src/komira_arrow/tests/test_p0_arrow_spec_fixes.mojo	
tests/test_parallel_sort_gather.mojo	test	387	copy	komira_column_kernels	src/komira_column_kernels/tests/test_parallel_sort_gather.mojo	
tests/test_parallel_work.mojo	test	31	copy	komira_arrow	src/komira_arrow/tests/test_parallel_work.mojo	
tests/test_parquet_source.mojo	test	226	copy	komira_scan_source	src/komira_scan_source/tests/test_parquet_source.mojo	
tests/test_phase4_asof_right_takeover.mojo	test	147	copy	komira_arrow	src/komira_arrow/tests/test_phase4_asof_right_takeover.mojo	
tests/test_physical_plan_ir_version_door.mojo	test	219	copy	komira_plan_ir	src/komira_plan_ir/tests/test_physical_plan_ir_version_door.mojo	
tests/test_physical_plan_purity_gate.mojo	test	566	copy	komira_plan_ir	src/komira_plan_ir/tests/test_physical_plan_purity_gate.mojo	
tests/test_plan_union_copy.mojo	test	121	copy	komira_plan_ir	src/komira_plan_ir/tests/test_plan_union_copy.mojo	
tests/test_plan_wire_vocabulary.mojo	test	455	moves-with-consumer	komira_plan_wire	src/komira_plan_wire/tests/test_plan_wire_vocabulary.mojo	moves with its module
tests/test_poc_partition_row_view.mojo	test	319	copy	komira_arrow	src/komira_arrow/tests/test_poc_partition_row_view.mojo	
tests/test_posix_io_relative_path_open.mojo	test	76	copy	komira_libc	src/komira_libc/tests/test_posix_io_relative_path_open.mojo	
tests/test_posix_io_writev.mojo	test	387	copy	komira_libc	src/komira_libc/tests/test_posix_io_writev.mojo	
tests/test_primitive_array.mojo	test	450	copy	komira_arrow	src/komira_arrow/tests/test_primitive_array.mojo	
tests/test_pwrite_at.mojo	test	326	copy	komira_libc	src/komira_libc/tests/test_pwrite_at.mojo	
tests/test_quick_wins_arrow.mojo	test	137	copy	komira_arrow	src/komira_arrow/tests/test_quick_wins_arrow.mojo	
tests/test_record_batch_builder_string_type.mojo	test	188	copy	komira_arrow	src/komira_arrow/tests/test_record_batch_builder_string_type.mojo	
tests/test_record_batch_compare.mojo	test	287	copy	komira_arrow_ipc	src/komira_arrow_ipc/tests/test_record_batch_compare.mojo	
tests/test_regexp_bitstate_differential.mojo	test	599	copy	komira_column_kernels	src/komira_column_kernels/tests/test_regexp_bitstate_differential.mojo	
tests/test_sab_borrowed_view_mmap_keepalive.mojo	test	132	copy	komira_buffer	src/komira_buffer/tests/test_sab_borrowed_view_mmap_keepalive.mojo	
tests/test_sab_share_range_window.mojo	test	255	copy	komira_buffer	src/komira_buffer/tests/test_sab_share_range_window.mojo	
tests/test_scan_binding_arrow_arm.mojo	test	405	copy	komira_plan_ir	src/komira_plan_ir/tests/test_scan_binding_arrow_arm.mojo	
tests/test_scan_binding_csv_arm.mojo	test	957	copy	komira_plan_ir	src/komira_plan_ir/tests/test_scan_binding_csv_arm.mojo	
tests/test_scan_binding_orc_arm.mojo	test	753	copy	komira_plan_ir	src/komira_plan_ir/tests/test_scan_binding_orc_arm.mojo	
tests/test_scan_binding_substrate.mojo	test	941	copy	komira_plan_ir	src/komira_plan_ir/tests/test_scan_binding_substrate.mojo	
tests/test_schema_copy.mojo	test	158	copy	komira_arrow	src/komira_arrow/tests/test_schema_copy.mojo	
tests/test_schema_recordbatch.mojo	test	263	copy	komira_arrow	src/komira_arrow/tests/test_schema_recordbatch.mojo	
tests/test_sdk_expr.mojo	test	1619	copy	komira_plan_expr	src/komira_plan_expr/tests/test_sdk_expr.mojo	
tests/test_select_optimal_strategy.mojo	test	242	copy	komira_agg_contract	src/komira_agg_contract/tests/test_select_optimal_strategy.mojo	
tests/test_select_strategy.mojo	test	161	copy	komira_agg_contract	src/komira_agg_contract/tests/test_select_strategy.mojo	
tests/test_selection_mask_c1.mojo	test	186	copy	komira_column_kernels	src/komira_column_kernels/tests/test_selection_mask_c1.mojo	
tests/test_serde_format_v23.mojo	test	515	copy	komira_arrow	src/komira_arrow/tests/test_serde_format_v23.mojo	
tests/test_shared_aligned_buffer_elaboration.mojo	test	211	copy	komira_arrow	src/komira_arrow/tests/test_shared_aligned_buffer_elaboration.mojo	subject is buffer, but it builds a Slab; lowest package covering buffer+collections is arrow (no extra edge)
tests/test_simd_bit_unpack.mojo	test	149	copy	komira_simd	src/komira_simd/tests/test_simd_bit_unpack.mojo	
tests/test_simd_blend.mojo	test	738	copy	komira_simd	src/komira_simd/tests/test_simd_blend.mojo	
tests/test_simd_compress.mojo	test	615	copy	komira_simd	src/komira_simd/tests/test_simd_compress.mojo	
tests/test_simd_gather.mojo	test	592	copy	komira_simd	src/komira_simd/tests/test_simd_gather.mojo	
tests/test_simd_helpers.mojo	test	557	copy	komira_simd	src/komira_simd/tests/test_simd_helpers.mojo	
tests/test_simd_horizontal_add.mojo	test	242	copy	komira_simd	src/komira_simd/tests/test_simd_horizontal_add.mojo	
tests/test_simd_pattern_copy_extend.mojo	test	321	copy	komira_simd	src/komira_simd/tests/test_simd_pattern_copy_extend.mojo	
tests/test_simd_popcount.mojo	test	488	copy	komira_simd	src/komira_simd/tests/test_simd_popcount.mojo	
tests/test_simd_validity_pack.mojo	test	138	copy	komira_simd	src/komira_simd/tests/test_simd_validity_pack.mojo	
tests/test_slab.mojo	test	546	copy	komira_collections	src/komira_collections/tests/test_slab.mojo	
tests/test_source_kind_annotation.mojo	test	264	copy	komira_plan_ir	src/komira_plan_ir/tests/test_source_kind_annotation.mojo	
tests/test_source_trait_conformance.mojo	test	256	copy	komira_scan_source	src/komira_scan_source/tests/test_source_trait_conformance.mojo	
tests/test_source_variant.mojo	test	335	copy	komira_scan_source	src/komira_scan_source/tests/test_source_variant.mojo	
tests/test_sparse_tensor_encoder.mojo	test	392	copy	komira_arrow_ipc	src/komira_arrow_ipc/tests/test_sparse_tensor_encoder.mojo	
tests/test_spawn_drop.mojo	test	158	copy	komira_concurrency	src/komira_concurrency/tests/test_spawn_drop.mojo	
tests/test_string_array.mojo	test	161	copy	komira_arrow	src/komira_arrow/tests/test_string_array.mojo	
tests/test_string_column_slot.mojo	test	402	copy	komira_arrow	src/komira_arrow/tests/test_string_column_slot.mojo	
tests/test_string_column_view.mojo	test	453	copy	komira_arrow	src/komira_arrow/tests/test_string_column_view.mojo	
tests/test_structural_hash_stability_spike.mojo	test	296	copy	komira_plan_ir	src/komira_plan_ir/tests/test_structural_hash_stability_spike.mojo	
tests/test_supports_filter_pushdown.mojo	test	347	copy	komira_scan_source	src/komira_scan_source/tests/test_supports_filter_pushdown.mojo	
tests/test_table_to_record_batch.mojo	test	785	copy	komira_arrow	src/komira_arrow/tests/test_table_to_record_batch.mojo	
tests/test_tensor_encoder.mojo	test	265	copy	komira_arrow_ipc	src/komira_arrow_ipc/tests/test_tensor_encoder.mojo	
tests/test_udf_data_carrier.mojo	test	305	copy	komira_plan_ir	src/komira_plan_ir/tests/test_udf_data_carrier.mojo	
tests/test_udf_handle_identity.mojo	test	224	copy	komira_plan_ir	src/komira_plan_ir/tests/test_udf_handle_identity.mojo	
tests/test_udf_sites_correlated_subquery.mojo	test	244	copy	komira_plan_ir	src/komira_plan_ir/tests/test_udf_sites_correlated_subquery.mojo	
tests/test_unary_math_domain_guard.mojo	test	270	copy	komira_column_kernels	src/komira_column_kernels/tests/test_unary_math_domain_guard.mojo	
tests/test_untyped_multi_column_sink.mojo	test	232	copy	komira_arrow	src/komira_arrow/tests/test_untyped_multi_column_sink.mojo	
BUCK	build	257	regenerated	each package	src/<pkg>/BUCK	one mojo_library per package; deps derived from the rewritten imports and C symbols; test_srcs and test_data from the test rows
README.md	doc	117	rewritten	each package	src/<pkg>/README.md	not copied: one authored sentence per package (the README table), no history
lint_debt.tsv	ledger	21	dropped	-	-	no ledgers; nothing in komira reads it (git grep lint_debt on origin/main finds no reader)
native/komira_core_posix.c	c	273	split by symbol	3 packages	see symbol table	komira_libc 19 symbols, komira_concurrency 3, komira_scan_source 1
tests/fixtures/arrow_ipc/arrow_file.arrow	fixture	0	copy	komira_arrow_ipc	src/komira_arrow_ipc/tests/fixtures/arrow_ipc/arrow_file.arrow	path literal in 2 tests rewritten
tests/fixtures/arrow_ipc/schema_only.arrow	fixture	0	copy	komira_arrow_ipc	src/komira_arrow_ipc/tests/fixtures/arrow_ipc/schema_only.arrow	path literal in 2 tests rewritten
tests/fixtures/arrow_ipc/schema_record_batch.arrow	fixture	0	copy	komira_arrow_ipc	src/komira_arrow_ipc/tests/fixtures/arrow_ipc/schema_record_batch.arrow	path literal in 2 tests rewritten
tests/fixtures/arrow_ipc/tensor_1d_int64.tensor	fixture	0	copy	komira_arrow_ipc	src/komira_arrow_ipc/tests/fixtures/arrow_ipc/tensor_1d_int64.tensor	path literal in 2 tests rewritten
tests/fixtures/arrow_ipc/view_types_indirect.arrow	fixture	0	copy	komira_arrow_ipc	src/komira_arrow_ipc/tests/fixtures/arrow_ipc/view_types_indirect.arrow	path literal in 2 tests rewritten
tests/fixtures/arrow_ipc/view_types_inline.arrow	fixture	0	copy	komira_arrow_ipc	src/komira_arrow_ipc/tests/fixtures/arrow_ipc/view_types_inline.arrow	path literal in 2 tests rewritten
