# The googleapis files vendored here: one commit, the roots, and the sha256
# of LICENSE and of every file of the roots' import closure (google/protobuf/*
# excepted: protoc provides those). Written by vendor.sh; proto_check refuses
# the tree unless it is exactly this. Rows are tab-separated.
repository	https://github.com/googleapis/googleapis
commit	b29d17037e889281b718bfffdeea534aed00d36f
root	google/logging/v2/logging.proto
root	google/logging/v2/log_entry.proto
license	LICENSE	c71d239df91726fc519c6eb72d318ec65820627232b2f796219e87dcf35d0ab4
file	google/api/annotations.proto	e79ea741cb605a65e78ca322174764a4af9fde1962c1631e12b84c4934ba9a6c
file	google/api/client.proto	5e9fc117290fe7d3472791543c979bec7cf4497f3fe6ffaf9de9ae99cc4f1804
file	google/api/field_behavior.proto	bb7ed77725c95f751ec2c47cd92359d0137c39383b8a62aef41bab7aa7478da5
file	google/api/http.proto	ead99129aa15dd5f6233942030c72eec33bc0d7b1c7c260dc143293ef66c5b78
file	google/api/label.proto	dadfde6d5ecce36b7e3232e2439a0d5ac83357500732a2b7760e89cc66111806
file	google/api/launch_stage.proto	68e22c9821227b4e84c7029569fce1055c21e6ccab991e0986bc75f12ef4dd82
file	google/api/monitored_resource.proto	cf7d64333f5b6287adb0eb8bdbe552bc38813a85ce8134c39cbe1c56be7e9cd2
file	google/api/resource.proto	815d51eada4341bf01672b474b5ec0abbea190e8df9f4aa26a0c96dbdad2993b
file	google/logging/type/http_request.proto	cf16052273c8732143ad6418c0de059aa49a3b2f402f62e6a7c63491436cc465
file	google/logging/type/log_severity.proto	cea9c15d29125773c61b4b018ddbc9b3d7f088a2f737d6a74e38f1b607dda51e
file	google/logging/v2/log_entry.proto	5e30c10f4150d0ff2099bbe259616913ab63ca8d3c4a99365e7942d2c54d825a
file	google/logging/v2/logging.proto	5dfa5e74fc92503ba5e9d5e9764ada4a97f72663aff025ac39176e722c161df8
file	google/rpc/status.proto	f5bfd262e6705c7ae73f32e0ad8ee20ce8c0a2578df8c4f76ebf76b572f295ed
